CHROM,POS,REF,ALT,EVS,tumor_alt_depth,tumor_depth,loc,type,file,genotype,line
1,10008685,G,T,19.46625,238,239,TE,homozygous,1E_S4,msh6/msh6,SALK_089638
1,10097333,C,A,19.455,132,271,intergenic,heterozygous,1B_S1,msh6/msh6,SALK_089638
1,10101100,T,A,8.511875,7,245,intergenic,somatic,1G_S6,wt/wt,Col-0
1,10386782,G,T,14.45875,20,272,genic,somatic,1D_S3,msh6/msh6,SALK_089638
1,10598109,C,A,13.685625,135,275,TE,heterozygous,1C_S2,msh6/msh6,SALK_089638
1,10770119,G,T,19.98,67,268,genic,somatic,1F_S5,msh6/msh6,SALK_089638
1,10814331,C,T,9.75375,8,310,intergenic,somatic,2D_S10,wt/wt,Col-0
1,10970307,T,G,9.6575,9,259,TE,somatic,1D_S3,msh6/msh6,SALK_089638
1,11277303,C,T,9.63125,10,243,intergenic,somatic,1E_S4,msh6/msh6,SALK_089638
1,11287384,A,T,17.735,36,227,TE,somatic,1B_S1,msh6/msh6,SALK_089638
1,11360372,C,T,19.314375,221,221,genic,homozygous,2L_S14,wt/msh6,SALK_037557
1,11424442,C,A,19.46625,130,244,genic,heterozygous,1B_S1,msh6/msh6,SALK_089638
1,11608774,T,G,19.46625,144,279,genic,heterozygous,1D_S3,msh6/msh6,SALK_089638
1,11637051,C,T,11.07,12,212,intergenic,somatic,1H_S7,msh6/msh6,SALK_089638
1,11899094,C,T,9.82125,36,259,TE,somatic,2F_S12,wt/wt,Col-0
1,11934058,C,T,16.32125,23,255,genic,somatic,1F_S5,msh6/msh6,SALK_089638
1,11984883,C,T,19.598125,265,265,genic,homozygous,5B_S15,wt/wt,SALK_037557
1,12304365,G,T,19.598125,255,255,genic,homozygous,1I_S8,msh6/msh6,SALK_089638
1,12343533,G,A,15.66,38,290,intergenic,somatic,2E_S11,wt/wt,Col-0
1,12352057,T,G,19.334375,162,281,genic,heterozygous,1E_S4,msh6/msh6,SALK_089638
1,12373492,G,A,19.70375,55,267,TE,somatic,2I_S13,wt/wt,Col-0
1,12440814,G,A,9.453125,8,259,TE,somatic,1G_S6,wt/wt,Col-0
1,12635112,C,T,19.73,257,257,TE,homozygous,5B_S15,wt/wt,SALK_037557
1,1274746,C,A,19.98,139,291,intergenic,heterozygous,1C_S2,msh6/msh6,SALK_089638
1,12988422,A,G,9.95125,9,278,intergenic,somatic,1I_S8,msh6/msh6,SALK_089638
1,1299421,G,A,9.915,13,278,intergenic,somatic,1B_S1,msh6/msh6,SALK_089638
1,1303511,A,C,19.481875,264,265,intergenic,homozygous,1C_S2,msh6/msh6,SALK_089638
1,13199117,A,G,19.46625,213,213,TE,homozygous,5I_S16,msh6/msh6,SALK_037557
1,13402914,C,T,9.881875,10,266,TE,somatic,2D_S10,wt/wt,Col-0
1,13497563,C,T,9.5925,10,279,TE,somatic,5I_S16,msh6/msh6,SALK_037557
1,13507163,G,A,19.87,42,244,TE,somatic,2C_S9,wt/wt,Col-0
1,13575106,T,G,13.54625,238,239,TE,homozygous,1D_S3,msh6/msh6,SALK_089638
1,13625742,C,T,18.93875,278,278,TE,homozygous,5B_S15,wt/wt,SALK_037557
1,13676917,G,A,10.005625,11,254,TE,somatic,1F_S5,msh6/msh6,SALK_089638
1,137796,G,T,18.460625,132,270,genic,heterozygous,1D_S3,msh6/msh6,SALK_089638
1,13788063,C,T,8.669375,7,223,TE,somatic,1F_S5,msh6/msh6,SALK_089638
1,13878962,A,C,10.35875,13,260,TE,somatic,1E_S4,msh6/msh6,SALK_089638
1,13915725,T,A,19.46625,251,252,TE,homozygous,1D_S3,msh6/msh6,SALK_089638
1,13980245,T,G,14.765,23,285,TE,somatic,1D_S3,msh6/msh6,SALK_089638
1,14024486,C,T,9.07625,11,252,intergenic,somatic,2D_S10,wt/wt,Col-0
1,14059659,C,T,12.903125,273,273,TE,homozygous,5B_S15,wt/wt,SALK_037557
1,14297235,C,T,8.719375,9,340,TE,somatic,1B_S1,msh6/msh6,SALK_089638
1,14303647,C,T,9.78375,15,330,TE,somatic,2D_S10,wt/wt,Col-0
1,143279,A,C,19.841875,71,268,intergenic,somatic,1F_S5,msh6/msh6,SALK_089638
1,14940141,T,G,10.83625,102,234,intergenic,heterozygous,1C_S2,msh6/msh6,SALK_089638
1,14950316,G,T,11.960625,24,259,intergenic,somatic,1E_S4,msh6/msh6,SALK_089638
1,15080119,C,T,17.62,111,213,TE,heterozygous,1E_S4,msh6/msh6,SALK_089638
1,15179116,C,A,7.659375,39,357,TE,somatic,1F_S5,msh6/msh6,SALK_089638
1,15623931,G,A,19.316875,139,307,TE,heterozygous,1C_S2,msh6/msh6,SALK_089638
1,15651996,A,C,8.9025,12,298,genic,somatic,1D_S3,msh6/msh6,SALK_089638
1,15704336,G,T,12.815,230,230,TE,homozygous,1E_S4,msh6/msh6,SALK_089638
1,1575185,C,A,9.9425,12,254,intergenic,somatic,1D_S3,msh6/msh6,SALK_089638
1,15774270,T,G,9.7475,13,276,TE,somatic,1D_S3,msh6/msh6,SALK_089638
1,15782115,G,A,18.3225,41,333,TE,somatic,2E_S11,wt/wt,Col-0
1,15798330,C,A,19.3875,34,230,TE,somatic,5I_S16,msh6/msh6,SALK_037557
1,15829883,A,T,10.92625,115,276,TE,heterozygous,1C_S2,msh6/msh6,SALK_089638
1,15945191,C,A,19.598125,160,322,TE,heterozygous,1B_S1,msh6/msh6,SALK_089638
1,159464,G,T,10.745,13,220,intergenic,somatic,1D_S3,msh6/msh6,SALK_089638
1,16136510,C,A,18.933125,131,237,genic,heterozygous,1F_S5,msh6/msh6,SALK_089638
1,16200676,C,A,12.1225,14,215,TE,somatic,1H_S7,msh6/msh6,SALK_089638
1,1639615,C,A,12.185,17,260,genic,somatic,1D_S3,msh6/msh6,SALK_089638
1,16410434,G,T,19.735,39,249,intergenic,somatic,1I_S8,msh6/msh6,SALK_089638
1,16418550,G,A,7.85875,9,199,intergenic,somatic,1F_S5,msh6/msh6,SALK_089638
1,16493179,A,G,19.334375,285,285,TE,homozygous,5B_S15,wt/wt,SALK_037557
1,1658649,G,T,19.73,262,263,genic,homozygous,1D_S3,msh6/msh6,SALK_089638
1,16706262,G,A,8.921875,12,253,TE,somatic,1E_S4,msh6/msh6,SALK_089638
1,17087564,C,A,9.931875,12,254,genic,somatic,1E_S4,msh6/msh6,SALK_089638
1,17205575,C,T,13.1225,275,276,TE,homozygous,2L_S14,wt/msh6,SALK_037557
1,17290159,G,T,19.841875,130,266,TE,heterozygous,1C_S2,msh6/msh6,SALK_089638
1,17291949,C,A,19.98,52,242,TE,somatic,1H_S7,msh6/msh6,SALK_089638
1,17523363,C,A,19.598125,110,218,TE,heterozygous,1I_S8,msh6/msh6,SALK_089638
1,17798655,A,C,19.33,46,272,genic,somatic,1B_S1,msh6/msh6,SALK_089638
1,17822762,G,A,9.8025,10,207,TE,somatic,5I_S16,msh6/msh6,SALK_037557
1,17986718,G,C,10.53375,12,246,genic,somatic,1G_S6,wt/wt,Col-0
1,18628073,T,G,9.4,10,221,genic,somatic,1G_S6,wt/wt,Col-0
1,18741486,C,A,10.376875,17,304,intergenic,somatic,1B_S1,msh6/msh6,SALK_089638
1,18892629,C,G,8.85875,6,248,intergenic,somatic,1I_S8,msh6/msh6,SALK_089638
1,19197648,G,T,17.62,131,263,intergenic,heterozygous,1F_S5,msh6/msh6,SALK_089638
1,19214959,G,T,9.83375,11,233,genic,somatic,1I_S8,msh6/msh6,SALK_089638
1,19945354,G,A,16.229375,35,341,TE,somatic,2I_S13,wt/wt,Col-0
1,20109547,A,C,17.536875,33,238,intergenic,somatic,1H_S7,msh6/msh6,SALK_089638
1,20446971,C,T,19.841875,135,297,intergenic,heterozygous,1C_S2,msh6/msh6,SALK_089638
1,20763194,C,A,19.70375,94,215,intergenic,heterozygous,1H_S7,msh6/msh6,SALK_089638
1,21078361,C,A,19.46625,250,250,genic,homozygous,1D_S3,msh6/msh6,SALK_089638
1,21189749,G,A,9.829375,11,237,genic,somatic,5I_S16,msh6/msh6,SALK_037557
1,21264311,A,G,18.66375,38,266,genic,somatic,2E_S11,wt/wt,Col-0
1,21687666,C,A,17.77,113,245,genic,heterozygous,1F_S5,msh6/msh6,SALK_089638
1,2178826,G,T,19.2025,103,207,genic,heterozygous,1H_S7,msh6/msh6,SALK_089638
1,2186314,C,A,9.656875,7,261,genic,somatic,1C_S2,msh6/msh6,SALK_089638
1,22163468,A,G,10.118125,12,257,intergenic,somatic,1G_S6,wt/wt,Col-0
1,22330862,C,A,11.690625,15,239,intergenic,somatic,1E_S4,msh6/msh6,SALK_089638
1,22363535,C,A,19.360625,224,225,genic,homozygous,1E_S4,msh6/msh6,SALK_089638
1,22507865,C,A,17.549375,32,289,genic,somatic,1D_S3,msh6/msh6,SALK_089638
1,22585549,T,G,19.73,275,281,intergenic,homozygous,1B_S1,msh6/msh6,SALK_089638
1,22622266,G,A,18.00625,52,293,TE,somatic,2C_S9,wt/wt,Col-0
1,22716744,A,C,11.9825,20,315,intergenic,somatic,1B_S1,msh6/msh6,SALK_089638
1,22853758,A,T,19.593125,135,281,TE,heterozygous,1C_S2,msh6/msh6,SALK_089638
1,23363134,C,T,18.286875,42,335,TE,somatic,2I_S13,wt/wt,Col-0
1,2343517,C,A,17.62,216,216,genic,homozygous,1H_S7,msh6/msh6,SALK_089638
1,23693311,C,T,9.74,13,296,intergenic,somatic,2E_S11,wt/wt,Col-0
1,23793633,C,A,19.73125,134,290,genic,heterozygous,1C_S2,msh6/msh6,SALK_089638
1,24015730,G,T,19.598125,301,301,intergenic,homozygous,1F_S5,msh6/msh6,SALK_089638
1,24027775,T,G,17.795,263,263,TE,homozygous,1E_S4,msh6/msh6,SALK_089638
1,24425674,C,T,17.62,130,259,intergenic,heterozygous,1C_S2,msh6/msh6,SALK_089638
1,24553923,G,A,18.84,38,267,TE,somatic,1G_S6,wt/wt,Col-0
1,24908599,G,T,13.419375,18,246,TE,somatic,1G_S6,wt/wt,Col-0
1,24983945,C,A,9.828125,6,259,genic,somatic,1C_S2,msh6/msh6,SALK_089638
1,25086726,A,G,19.98,63,294,genic,somatic,2I_S13,wt/wt,Col-0
1,25229690,C,A,19.70375,126,259,TE,heterozygous,1E_S4,msh6/msh6,SALK_089638
1,25454476,T,C,9.31125,8,250,genic,somatic,2I_S13,wt/wt,Col-0
1,25496243,C,T,15.108125,18,235,TE,somatic,1E_S4,msh6/msh6,SALK_089638
1,25722576,C,T,10.109375,9,242,TE,somatic,2E_S11,wt/wt,Col-0
1,25788313,T,C,16.30125,140,281,intergenic,heterozygous,1B_S1,msh6/msh6,SALK_089638
1,26040211,T,G,10.209375,12,259,genic,somatic,1B_S1,msh6/msh6,SALK_089638
1,26880125,G,A,9.663125,6,257,intergenic,somatic,5J_S17,wt/msh6,SALK_037557
1,27175678,G,T,19.73,144,281,intergenic,heterozygous,1D_S3,msh6/msh6,SALK_089638
1,27186632,G,T,19.598125,155,311,TE,heterozygous,1C_S2,msh6/msh6,SALK_089638
1,27191684,T,G,18.685,125,239,intergenic,heterozygous,1E_S4,msh6/msh6,SALK_089638
1,27253022,G,T,19.26625,35,236,genic,somatic,1I_S8,msh6/msh6,SALK_089638
1,27315616,T,G,19.735,34,213,genic,somatic,1E_S4,msh6/msh6,SALK_089638
1,27496000,G,T,19.70375,63,288,genic,somatic,1B_S1,msh6/msh6,SALK_089638
1,2755681,G,T,15.960625,25,286,intergenic,somatic,1B_S1,msh6/msh6,SALK_089638
1,27972769,C,T,12.643125,14,249,intergenic,somatic,5B_S15,wt/wt,SALK_037557
1,2811613,T,C,11.123125,19,333,intergenic,somatic,1I_S8,msh6/msh6,SALK_089638
1,28447433,G,T,9.93375,9,199,genic,somatic,1I_S8,msh6/msh6,SALK_089638
1,2878335,G,C,10.998125,15,275,genic,somatic,1B_S1,msh6/msh6,SALK_089638
1,29262582,A,C,19.70375,51,227,genic,somatic,5I_S16,msh6/msh6,SALK_037557
1,2927429,C,A,16.811875,23,230,intergenic,somatic,1E_S4,msh6/msh6,SALK_089638
1,29449406,C,A,16.9425,21,210,genic,somatic,1H_S7,msh6/msh6,SALK_089638
1,29604958,A,C,10.7075,14,242,TE,somatic,1E_S4,msh6/msh6,SALK_089638
1,29730961,C,A,8.976875,6,282,genic,somatic,1B_S1,msh6/msh6,SALK_089638
1,29985890,C,A,19.46625,235,235,genic,homozygous,1I_S8,msh6/msh6,SALK_089638
1,30089644,G,A,17.764375,54,218,genic,somatic,1H_S7,msh6/msh6,SALK_089638
1,30126089,C,A,9.12875,6,217,genic,somatic,5I_S16,msh6/msh6,SALK_037557
1,3448384,T,G,19.334375,285,285,intergenic,homozygous,1D_S3,msh6/msh6,SALK_089638
1,3473808,G,T,9.465625,11,285,intergenic,somatic,1D_S3,msh6/msh6,SALK_089638
1,3503827,T,G,9.77625,11,264,genic,somatic,1D_S3,msh6/msh6,SALK_089638
1,3582666,C,A,19.565625,105,231,genic,heterozygous,1I_S8,msh6/msh6,SALK_089638
1,3635054,A,C,19.98,114,255,genic,heterozygous,1F_S5,msh6/msh6,SALK_089638
1,3762978,G,A,18.163125,249,249,TE,homozygous,1D_S3,msh6/msh6,SALK_089638
1,3950228,C,A,15.68625,26,293,genic,somatic,1B_S1,msh6/msh6,SALK_089638
1,4226443,A,G,9.689375,8,277,genic,somatic,1E_S4,msh6/msh6,SALK_089638
1,4396999,C,A,19.70375,113,239,genic,heterozygous,1F_S5,msh6/msh6,SALK_089638
1,4411043,G,A,17.71,53,281,TE,somatic,2I_S13,wt/wt,Col-0
1,4478623,C,A,19.598125,110,207,genic,heterozygous,1I_S8,msh6/msh6,SALK_089638
1,4620209,T,G,8.99125,12,247,intergenic,somatic,1H_S7,msh6/msh6,SALK_089638
1,4779123,T,C,19.598125,139,275,genic,heterozygous,5J_S17,wt/msh6,SALK_037557
1,4810773,C,T,19.624375,118,228,genic,heterozygous,1I_S8,msh6/msh6,SALK_089638
1,5149093,T,G,9.600625,7,244,intergenic,somatic,1I_S8,msh6/msh6,SALK_089638
1,5655405,C,T,19.46625,267,267,intergenic,homozygous,5B_S15,wt/wt,SALK_037557
1,5863308,C,T,7.70875,31,281,TE,somatic,2E_S11,wt/wt,Col-0
1,6018394,C,A,19.98,101,212,intergenic,heterozygous,1H_S7,msh6/msh6,SALK_089638
1,6450499,C,A,18.316875,40,281,intergenic,somatic,1C_S2,msh6/msh6,SALK_089638
1,6515316,G,T,14.54875,17,220,TE,somatic,1F_S5,msh6/msh6,SALK_089638
1,6552692,C,A,19.46625,143,266,intergenic,heterozygous,1I_S8,msh6/msh6,SALK_089638
1,6662055,T,G,9.955625,10,274,TE,somatic,1C_S2,msh6/msh6,SALK_089638
1,6713684,G,T,17.77,111,241,genic,heterozygous,1D_S3,msh6/msh6,SALK_089638
1,6891467,G,A,19.73,122,229,genic,heterozygous,1I_S8,msh6/msh6,SALK_089638
1,7091372,T,G,19.12125,106,229,genic,heterozygous,1I_S8,msh6/msh6,SALK_089638
1,7126059,A,T,9.489375,6,253,genic,somatic,2C_S9,wt/wt,Col-0
1,716270,T,G,8.78625,10,197,genic,somatic,1H_S7,msh6/msh6,SALK_089638
1,7469605,C,A,19.195,34,191,genic,somatic,5I_S16,msh6/msh6,SALK_037557
1,7507446,G,T,19.455,69,233,intergenic,somatic,5I_S16,msh6/msh6,SALK_037557
1,7593991,C,A,9.975625,10,251,genic,somatic,1I_S8,msh6/msh6,SALK_089638
1,7745859,C,A,19.598125,302,304,genic,homozygous,1C_S2,msh6/msh6,SALK_089638
1,7752164,C,T,19.565625,114,232,genic,heterozygous,1H_S7,msh6/msh6,SALK_089638
1,7761150,A,C,9.21875,7,254,TE,somatic,1E_S4,msh6/msh6,SALK_089638
1,7833450,A,C,9.44625,10,285,TE,somatic,1B_S1,msh6/msh6,SALK_089638
1,8014185,C,A,19.598125,141,270,genic,heterozygous,1D_S3,msh6/msh6,SALK_089638
1,8182906,C,A,10.08,10,250,genic,somatic,1D_S3,msh6/msh6,SALK_089638
1,8551772,G,T,17.77,99,207,genic,heterozygous,1H_S7,msh6/msh6,SALK_089638
1,8589664,A,T,17.434375,27,243,intergenic,somatic,1I_S8,msh6/msh6,SALK_089638
1,8597097,G,T,12.406875,16,262,intergenic,somatic,1E_S4,msh6/msh6,SALK_089638
1,8732869,G,A,19.841875,85,189,TE,heterozygous,5I_S16,msh6/msh6,SALK_037557
1,9105986,G,T,10.1375,9,234,genic,somatic,1E_S4,msh6/msh6,SALK_089638
1,9424487,A,T,9.865,7,241,intergenic,somatic,1F_S5,msh6/msh6,SALK_089638
1,9483886,A,C,19.218125,111,214,genic,heterozygous,1I_S8,msh6/msh6,SALK_089638
1,9534378,G,T,9.658125,10,241,intergenic,somatic,1H_S7,msh6/msh6,SALK_089638
1,9546316,G,T,9.91125,10,237,intergenic,somatic,1E_S4,msh6/msh6,SALK_089638
1,96324,C,T,19.35,277,277,genic,homozygous,1B_S1,msh6/msh6,SALK_089638
1,9695330,C,T,9.821875,8,296,genic,somatic,2I_S13,wt/wt,Col-0
1,9697508,A,G,19.524375,132,275,intergenic,heterozygous,1C_S2,msh6/msh6,SALK_089638
1,9766104,C,A,19.46625,283,283,genic,homozygous,1D_S3,msh6/msh6,SALK_089638
1,9968876,C,A,10.963125,15,259,intergenic,somatic,1D_S3,msh6/msh6,SALK_089638
2,10226496,G,A,9.895,7,283,genic,somatic,2L_S14,wt/msh6,SALK_037557
2,10238882,A,C,8.4625,14,261,intergenic,somatic,1B_S1,msh6/msh6,SALK_089638
2,10339202,C,A,9.894375,11,234,genic,somatic,1I_S8,msh6/msh6,SALK_089638
2,10373558,C,T,9.670625,10,267,intergenic,somatic,5B_S15,wt/wt,SALK_037557
2,10552763,C,T,10.03125,13,296,intergenic,somatic,2F_S12,wt/wt,Col-0
2,112294,C,T,10.08375,11,308,TE,somatic,1C_S2,msh6/msh6,SALK_089638
2,11262682,C,A,14.29625,89,194,intergenic,heterozygous,1B_S1,msh6/msh6,SALK_089638
2,11539565,G,A,19.46625,127,255,genic,heterozygous,1I_S8,msh6/msh6,SALK_089638
2,11612833,C,A,9.810625,8,222,genic,somatic,1E_S4,msh6/msh6,SALK_089638
2,11875313,C,A,10.03375,10,257,genic,somatic,1E_S4,msh6/msh6,SALK_089638
2,11990567,C,A,19.2025,137,253,genic,heterozygous,1F_S5,msh6/msh6,SALK_089638
2,12191306,A,C,19.148125,35,216,intergenic,somatic,1E_S4,msh6/msh6,SALK_089638
2,12297258,A,C,9.999375,6,241,TE,somatic,1H_S7,msh6/msh6,SALK_089638
2,12309425,G,T,18.630625,80,175,intergenic,heterozygous,1H_S7,msh6/msh6,SALK_089638
2,12365712,C,A,15.08,22,270,intergenic,somatic,1E_S4,msh6/msh6,SALK_089638
2,12560456,G,T,19.98,113,231,genic,heterozygous,1I_S8,msh6/msh6,SALK_089638
2,12829900,T,G,19.334375,259,259,intergenic,homozygous,1D_S3,msh6/msh6,SALK_089638
2,13001533,G,T,10.06625,12,260,genic,somatic,1C_S2,msh6/msh6,SALK_089638
2,1321562,C,A,10.150625,13,284,intergenic,somatic,1C_S2,msh6/msh6,SALK_089638
2,13311799,A,C,17.6,143,286,intergenic,heterozygous,1C_S2,msh6/msh6,SALK_089638
2,13403354,C,A,9.5625,7,261,genic,somatic,1I_S8,msh6/msh6,SALK_089638
2,13628136,A,G,17.994375,30,230,genic,somatic,2E_S11,wt/wt,Col-0
2,13664345,C,A,10.09,9,206,genic,somatic,1F_S5,msh6/msh6,SALK_089638
2,13673884,C,T,19.841875,108,227,intergenic,heterozygous,5I_S16,msh6/msh6,SALK_037557
2,13681121,T,G,15.845625,19,222,genic,somatic,5J_S17,wt/msh6,SALK_037557
2,13861019,A,G,19.565625,47,226,genic,somatic,1E_S4,msh6/msh6,SALK_089638
2,14050168,A,C,11.35,17,245,genic,somatic,1C_S2,msh6/msh6,SALK_089638
2,14335596,T,A,17.614375,248,248,TE,homozygous,1F_S5,msh6/msh6,SALK_089638
2,14722975,A,C,19.841875,115,279,intergenic,heterozygous,1F_S5,msh6/msh6,SALK_089638
2,14843565,C,A,19.289375,93,193,genic,heterozygous,1H_S7,msh6/msh6,SALK_089638
2,14922841,C,A,19.73,257,258,genic,homozygous,1I_S8,msh6/msh6,SALK_089638
2,15017627,T,A,19.98,121,248,genic,heterozygous,1F_S5,msh6/msh6,SALK_089638
2,15092969,A,C,19.598125,124,247,intergenic,heterozygous,1H_S7,msh6/msh6,SALK_089638
2,15208794,C,A,19.565625,123,282,genic,heterozygous,1C_S2,msh6/msh6,SALK_089638
2,1549359,C,A,19.334375,229,231,TE,homozygous,5B_S15,wt/wt,SALK_037557
2,1568910,T,G,9.92375,9,228,genic,somatic,5I_S16,msh6/msh6,SALK_037557
2,15689537,A,C,9.904375,10,248,intergenic,somatic,1D_S3,msh6/msh6,SALK_089638
2,16050078,G,T,19.289375,129,267,genic,heterozygous,1C_S2,msh6/msh6,SALK_089638
2,16329840,C,T,18.4725,57,280,intergenic,somatic,2I_S13,wt/wt,Col-0
2,16465915,C,A,8.833125,9,295,genic,somatic,1C_S2,msh6/msh6,SALK_089638
2,16501091,A,C,17.77,110,249,genic,heterozygous,1F_S5,msh6/msh6,SALK_089638
2,16556232,G,A,18.15,31,267,intergenic,somatic,1D_S3,msh6/msh6,SALK_089638
2,16663968,T,A,19.598125,147,286,genic,heterozygous,2D_S10,wt/wt,Col-0
2,1691221,G,A,19.6,47,298,TE,somatic,2C_S9,wt/wt,Col-0
2,17127449,G,T,9.84875,10,217,genic,somatic,5I_S16,msh6/msh6,SALK_037557
2,17287788,C,A,19.455,113,240,genic,heterozygous,1D_S3,msh6/msh6,SALK_089638
2,17324554,A,C,19.87,37,214,genic,somatic,1D_S3,msh6/msh6,SALK_089638
2,17749833,C,A,9.98375,10,248,genic,somatic,5I_S16,msh6/msh6,SALK_037557
2,18446189,A,C,8.921875,11,258,intergenic,somatic,1B_S1,msh6/msh6,SALK_089638
2,18636878,A,T,9.799375,8,242,intergenic,somatic,5J_S17,wt/msh6,SALK_037557
2,18688436,G,A,19.334375,159,290,intergenic,heterozygous,1C_S2,msh6/msh6,SALK_089638
2,18758973,T,G,9.8525,8,180,genic,somatic,5I_S16,msh6/msh6,SALK_037557
2,19371852,T,G,19.841875,73,250,intergenic,somatic,1D_S3,msh6/msh6,SALK_089638
2,19474837,A,C,19.4925,237,238,intergenic,homozygous,1E_S4,msh6/msh6,SALK_089638
2,19510363,G,T,9.85125,8,242,genic,somatic,1E_S4,msh6/msh6,SALK_089638
2,2031421,C,A,17.68625,26,250,TE,somatic,1F_S5,msh6/msh6,SALK_089638
2,2339039,C,T,19.2025,158,300,TE,heterozygous,5B_S15,wt/wt,SALK_037557
2,237672,C,A,19.73,161,285,intergenic,heterozygous,1C_S2,msh6/msh6,SALK_089638
2,2381323,C,A,11.390625,18,282,TE,somatic,1C_S2,msh6/msh6,SALK_089638
2,2402824,C,A,15.306875,219,219,TE,homozygous,5J_S17,wt/msh6,SALK_037557
2,2536872,C,T,9.469375,8,231,TE,somatic,1H_S7,msh6/msh6,SALK_089638
2,2611842,G,T,19.98,52,243,TE,somatic,1H_S7,msh6/msh6,SALK_089638
2,2763129,C,T,10.03125,20,341,TE,somatic,2E_S11,wt/wt,Col-0
2,2880916,G,A,18.806875,255,255,TE,homozygous,2L_S14,wt/msh6,SALK_037557
2,3171798,C,A,13.02,11,160,genic,somatic,5I_S16,msh6/msh6,SALK_037557
2,3844092,G,A,19.334375,256,256,intergenic,homozygous,2L_S14,wt/msh6,SALK_037557
2,3847010,G,T,9.77625,8,191,TE,somatic,5I_S16,msh6/msh6,SALK_037557
2,3862239,G,A,13.459375,106,232,TE,heterozygous,2D_S10,wt/wt,Col-0
2,3932554,C,T,9.944375,9,265,intergenic,somatic,1I_S8,msh6/msh6,SALK_089638
2,3943479,C,T,10.10375,11,245,TE,somatic,1E_S4,msh6/msh6,SALK_089638
2,4152882,C,A,17.983125,228,231,TE,homozygous,1F_S5,msh6/msh6,SALK_089638
2,4240483,G,A,11.445,222,228,TE,homozygous,1F_S5,msh6/msh6,SALK_089638
2,4254806,G,A,19.73,142,269,TE,heterozygous,5B_S15,wt/wt,SALK_037557
2,4289909,G,A,19.46625,194,194,TE,homozygous,1E_S4,msh6/msh6,SALK_089638
2,4337233,G,A,11.21125,16,292,TE,somatic,1D_S3,msh6/msh6,SALK_089638
2,4423574,C,A,8.7975,12,291,TE,somatic,1E_S4,msh6/msh6,SALK_089638
2,4587848,T,C,19.386875,108,203,TE,heterozygous,1F_S5,msh6/msh6,SALK_089638
2,4777954,G,A,15.63,25,209,TE,somatic,1E_S4,msh6/msh6,SALK_089638
2,4791467,C,T,9.490625,8,248,intergenic,somatic,1I_S8,msh6/msh6,SALK_089638
2,5019255,C,A,19.46625,215,215,intergenic,homozygous,5I_S16,msh6/msh6,SALK_037557
2,5022899,T,G,18.986875,89,213,TE,heterozygous,1B_S1,msh6/msh6,SALK_089638
2,5048379,C,T,9.705,12,243,TE,somatic,1I_S8,msh6/msh6,SALK_089638
2,5068189,G,T,19.598125,156,286,intergenic,heterozygous,1I_S8,msh6/msh6,SALK_089638
2,5082602,A,G,19.360625,155,263,intergenic,heterozygous,2D_S10,wt/wt,Col-0
2,5207705,C,A,17.9625,118,232,TE,heterozygous,1I_S8,msh6/msh6,SALK_089638
2,5308093,G,T,16.13625,18,206,TE,somatic,1I_S8,msh6/msh6,SALK_089638
2,5338144,C,T,8.03125,6,230,TE,somatic,1E_S4,msh6/msh6,SALK_089638
2,5424282,G,T,19.598125,126,254,TE,heterozygous,1H_S7,msh6/msh6,SALK_089638
2,5440920,G,T,14.11875,320,320,TE,homozygous,1D_S3,msh6/msh6,SALK_089638
2,5496913,G,C,10.18,10,239,intergenic,somatic,1E_S4,msh6/msh6,SALK_089638
2,5575064,G,T,11.09625,102,281,TE,somatic,1I_S8,msh6/msh6,SALK_089638
2,5861216,C,T,12.5025,17,269,TE,somatic,2E_S11,wt/wt,Col-0
2,6059875,G,A,17.77,67,319,TE,somatic,2I_S13,wt/wt,Col-0
2,6427480,A,T,17.76,25,242,intergenic,somatic,5J_S17,wt/msh6,SALK_037557
2,6546412,C,T,9.38,8,233,intergenic,somatic,1F_S5,msh6/msh6,SALK_089638
2,6551978,C,T,8.948125,9,230,TE,somatic,2C_S9,wt/wt,Col-0
2,6722958,C,T,9.940625,8,259,TE,somatic,2D_S10,wt/wt,Col-0
2,6724846,C,T,17.76,26,231,genic,somatic,2F_S12,wt/wt,Col-0
2,6922468,C,T,10.61,11,250,TE,somatic,2C_S9,wt/wt,Col-0
2,7147484,G,T,19.858125,125,273,genic,heterozygous,1F_S5,msh6/msh6,SALK_089638
2,7242158,G,A,19.46625,261,261,intergenic,homozygous,5B_S15,wt/wt,SALK_037557
2,7292819,G,A,18.93875,218,218,intergenic,homozygous,1H_S7,msh6/msh6,SALK_089638
2,7299170,T,A,15.90875,22,267,intergenic,somatic,2E_S11,wt/wt,Col-0
2,747142,G,T,19.46625,236,238,genic,homozygous,1D_S3,msh6/msh6,SALK_089638
2,7536080,C,T,17.66,38,253,TE,somatic,1G_S6,wt/wt,Col-0
2,7554200,G,T,19.08625,278,279,genic,homozygous,1D_S3,msh6/msh6,SALK_089638
2,7682546,G,C,15.29,34,320,genic,somatic,1B_S1,msh6/msh6,SALK_089638
2,7884881,G,T,19.33,37,218,intergenic,somatic,1H_S7,msh6/msh6,SALK_089638
2,8041957,A,T,9.91875,11,221,intergenic,somatic,1H_S7,msh6/msh6,SALK_089638
2,8365584,C,A,12.695,17,253,genic,somatic,1D_S3,msh6/msh6,SALK_089638
2,8520902,T,C,12.475625,18,271,genic,somatic,2F_S12,wt/wt,Col-0
2,8936390,C,A,9.65625,11,271,genic,somatic,1D_S3,msh6/msh6,SALK_089638
2,8976094,C,A,15.51,35,255,genic,somatic,1D_S3,msh6/msh6,SALK_089638
2,9838897,A,C,9.179375,10,227,genic,somatic,1F_S5,msh6/msh6,SALK_089638
2,9980568,G,A,16.16125,25,282,intergenic,somatic,5J_S17,wt/msh6,SALK_037557
3,10129327,T,G,19.46625,147,281,genic,heterozygous,1D_S3,msh6/msh6,SALK_089638
3,10363602,T,G,14.43,19,209,intergenic,somatic,1H_S7,msh6/msh6,SALK_089638
3,10393762,G,A,17.77,74,332,intergenic,somatic,2I_S13,wt/wt,Col-0
3,10510505,G,T,8.99875,11,216,TE,somatic,1I_S8,msh6/msh6,SALK_089638
3,10585036,A,T,19.334375,272,273,TE,homozygous,1G_S6,wt/wt,Col-0
3,10636645,G,T,19.698125,104,217,TE,heterozygous,1H_S7,msh6/msh6,SALK_089638
3,10665069,T,C,17.791875,28,247,genic,somatic,2C_S9,wt/wt,Col-0
3,10752315,C,T,11.4625,17,269,TE,somatic,1E_S4,msh6/msh6,SALK_089638
3,10897608,A,G,18.70125,298,298,genic,homozygous,2L_S14,wt/msh6,SALK_037557
3,10987427,A,C,14.898125,96,205,intergenic,heterozygous,1E_S4,msh6/msh6,SALK_089638
3,11204008,G,A,9.203125,9,332,TE,somatic,2E_S11,wt/wt,Col-0
3,11297134,C,T,9.34,6,268,intergenic,somatic,2C_S9,wt/wt,Col-0
3,11517150,G,T,16.15375,20,209,TE,somatic,5I_S16,msh6/msh6,SALK_037557
3,1178086,C,A,19.334375,116,217,intergenic,heterozygous,1D_S3,msh6/msh6,SALK_089638
3,11950871,T,A,17.595,26,227,TE,somatic,1H_S7,msh6/msh6,SALK_089638
3,12133776,C,T,12.715625,18,280,TE,somatic,2D_S10,wt/wt,Col-0
3,12134517,C,T,9.08,8,260,TE,somatic,1F_S5,msh6/msh6,SALK_089638
3,12678237,G,T,13.279375,17,250,TE,somatic,1I_S8,msh6/msh6,SALK_089638
3,12721071,G,A,9.92875,6,226,TE,somatic,2C_S9,wt/wt,Col-0
3,1290668,G,T,19.70375,121,246,intergenic,heterozygous,1F_S5,msh6/msh6,SALK_089638
3,13136171,A,C,17.62,253,254,TE,homozygous,1I_S8,msh6/msh6,SALK_089638
3,13317531,A,C,9.67125,8,269,intergenic,somatic,1C_S2,msh6/msh6,SALK_089638
3,13350989,G,T,9.259375,33,231,TE,somatic,1H_S7,msh6/msh6,SALK_089638
3,13489479,G,T,19.841875,113,244,TE,heterozygous,1D_S3,msh6/msh6,SALK_089638
3,1349571,C,A,10.08125,13,255,genic,somatic,1C_S2,msh6/msh6,SALK_089638
3,13509177,T,G,15.641875,18,215,intergenic,somatic,1F_S5,msh6/msh6,SALK_089638
3,13531956,G,C,9.135625,6,250,intergenic,somatic,5J_S17,wt/msh6,SALK_037557
3,13560387,C,G,19.2025,271,271,TE,homozygous,5B_S15,wt/wt,SALK_037557
3,13609993,C,A,13.0875,16,235,TE,somatic,1D_S3,msh6/msh6,SALK_089638
3,13758521,G,A,12.904375,241,242,TE,homozygous,2L_S14,wt/msh6,SALK_037557
3,13834701,T,A,16.88,93,185,TE,heterozygous,5I_S16,msh6/msh6,SALK_037557
3,13892293,G,T,10.555,13,229,TE,somatic,1D_S3,msh6/msh6,SALK_089638
3,13897390,G,T,19.195,49,260,TE,somatic,1B_S1,msh6/msh6,SALK_089638
3,13979044,A,C,11.848125,18,279,TE,somatic,2L_S14,wt/msh6,SALK_037557
3,14252700,G,T,15.629375,17,193,genic,somatic,1E_S4,msh6/msh6,SALK_089638
3,14262000,C,A,17.77,59,208,TE,somatic,1I_S8,msh6/msh6,SALK_089638
3,14683010,T,G,19.096875,131,247,intergenic,heterozygous,1E_S4,msh6/msh6,SALK_089638
3,14727322,T,G,19.73,267,269,genic,homozygous,1C_S2,msh6/msh6,SALK_089638
3,14755805,T,A,17.62,269,269,genic,homozygous,1I_S8,msh6/msh6,SALK_089638
3,1479595,C,A,19.46625,111,222,genic,heterozygous,1I_S8,msh6/msh6,SALK_089638
3,14883314,T,C,9.7625,7,340,TE,somatic,5B_S15,wt/wt,SALK_037557
3,14888556,G,A,8.5625,7,290,TE,somatic,1C_S2,msh6/msh6,SALK_089638
3,15095668,C,A,10.07125,12,247,intergenic,somatic,1H_S7,msh6/msh6,SALK_089638
3,15308398,C,T,11.276875,14,247,TE,somatic,1I_S8,msh6/msh6,SALK_089638
3,15329234,C,T,11.238125,114,224,TE,heterozygous,2L_S14,wt/msh6,SALK_037557
3,15486299,A,T,17.649375,34,286,TE,somatic,2F_S12,wt/wt,Col-0
3,15501436,A,C,14.56875,190,219,intergenic,homozygous,1F_S5,msh6/msh6,SALK_089638
3,15583118,C,A,19.106875,128,251,TE,heterozygous,1B_S1,msh6/msh6,SALK_089638
3,15979902,C,T,8.88875,6,229,intergenic,somatic,2L_S14,wt/msh6,SALK_037557
3,16402372,A,G,17.62,100,199,genic,heterozygous,5I_S16,msh6/msh6,SALK_037557
3,16421356,A,G,9.725625,10,219,intergenic,somatic,2C_S9,wt/wt,Col-0
3,16492660,C,A,19.841875,115,247,genic,heterozygous,1I_S8,msh6/msh6,SALK_089638
3,1665121,A,C,19.841875,93,191,genic,heterozygous,1H_S7,msh6/msh6,SALK_089638
3,16726196,T,G,15.10375,86,189,intergenic,heterozygous,1I_S8,msh6/msh6,SALK_089638
3,1679133,T,G,17.744375,56,224,intergenic,somatic,1I_S8,msh6/msh6,SALK_089638
3,16882246,C,T,9.856875,8,259,genic,somatic,2D_S10,wt/wt,Col-0
3,16988686,T,G,19.61375,151,281,intergenic,heterozygous,1D_S3,msh6/msh6,SALK_089638
3,17033249,A,C,8.791875,8,232,intergenic,somatic,1H_S7,msh6/msh6,SALK_089638
3,17052655,T,G,9.949375,9,258,genic,somatic,1I_S8,msh6/msh6,SALK_089638
3,17147797,G,T,18.426875,110,207,TE,heterozygous,1H_S7,msh6/msh6,SALK_089638
3,17301213,C,A,15.49375,33,291,TE,somatic,1E_S4,msh6/msh6,SALK_089638
3,17404924,G,T,13.205625,124,272,TE,heterozygous,1C_S2,msh6/msh6,SALK_089638
3,17431112,G,T,11.11,105,216,TE,heterozygous,1F_S5,msh6/msh6,SALK_089638
3,17441756,A,T,17.68,41,227,intergenic,somatic,1D_S3,msh6/msh6,SALK_089638
3,17462020,G,T,18.5,36,268,genic,somatic,1C_S2,msh6/msh6,SALK_089638
3,17488829,G,T,19.73,130,221,genic,heterozygous,1H_S7,msh6/msh6,SALK_089638
3,17558978,A,T,19.2025,126,233,genic,heterozygous,1D_S3,msh6/msh6,SALK_089638
3,17578713,T,G,9.364375,10,220,genic,somatic,5I_S16,msh6/msh6,SALK_037557
3,17639714,G,A,9.85375,10,248,intergenic,somatic,1E_S4,msh6/msh6,SALK_089638
3,17688379,C,A,19.33,44,270,genic,somatic,1B_S1,msh6/msh6,SALK_089638
3,17696345,C,A,19.15125,45,204,genic,somatic,1H_S7,msh6/msh6,SALK_089638
3,17706950,G,A,19.735,45,282,TE,somatic,2F_S12,wt/wt,Col-0
3,17863942,G,A,9.974375,14,274,TE,somatic,2E_S11,wt/wt,Col-0
3,17885763,A,C,11.40125,10,162,genic,somatic,1H_S7,msh6/msh6,SALK_089638
3,18199200,C,A,10.753125,12,249,intergenic,somatic,1E_S4,msh6/msh6,SALK_089638
3,18386325,G,A,10.176875,10,250,genic,somatic,1I_S8,msh6/msh6,SALK_089638
3,18426399,C,G,19.6,50,269,intergenic,somatic,1I_S8,msh6/msh6,SALK_089638
3,18485267,G,A,18.44375,31,231,genic,somatic,2C_S9,wt/wt,Col-0
3,18669528,T,A,19.73125,124,265,intergenic,heterozygous,1H_S7,msh6/msh6,SALK_089638
3,18798916,A,G,18.519375,36,255,intergenic,somatic,2E_S11,wt/wt,Col-0
3,19029513,C,A,9.919375,9,254,genic,somatic,1F_S5,msh6/msh6,SALK_089638
3,19217467,C,A,19.841875,108,221,genic,heterozygous,1E_S4,msh6/msh6,SALK_089638
3,19484770,G,T,13.015625,18,261,intergenic,somatic,1F_S5,msh6/msh6,SALK_089638
3,19565003,C,A,13.095,17,237,intergenic,somatic,5I_S16,msh6/msh6,SALK_037557
3,19967239,C,A,19.46625,153,297,genic,heterozygous,1B_S1,msh6/msh6,SALK_089638
3,20045521,G,T,9.17125,8,261,intergenic,somatic,1I_S8,msh6/msh6,SALK_089638
3,20632973,A,C,19.22875,231,231,intergenic,homozygous,1H_S7,msh6/msh6,SALK_089638
3,20908843,C,A,15.31375,20,243,intergenic,somatic,1E_S4,msh6/msh6,SALK_089638
3,21031584,C,A,17.70375,23,207,intergenic,somatic,5I_S16,msh6/msh6,SALK_037557
3,21060717,G,A,8.846875,9,229,genic,somatic,2E_S11,wt/wt,Col-0
3,21102312,A,C,9.6075,6,268,genic,somatic,1C_S2,msh6/msh6,SALK_089638
3,21109335,C,T,9.700625,7,262,intergenic,somatic,1D_S3,msh6/msh6,SALK_089638
3,21137094,C,A,19.98,98,248,intergenic,somatic,1H_S7,msh6/msh6,SALK_089638
3,21509542,G,A,10.88,14,252,intergenic,somatic,1D_S3,msh6/msh6,SALK_089638
3,21654632,A,C,17.62,130,257,TE,heterozygous,1E_S4,msh6/msh6,SALK_089638
3,2177737,G,T,9.86875,9,241,intergenic,somatic,1I_S8,msh6/msh6,SALK_089638
3,21983535,G,T,19.841875,99,226,genic,heterozygous,1I_S8,msh6/msh6,SALK_089638
3,22023774,C,A,19.6,32,192,genic,somatic,1I_S8,msh6/msh6,SALK_089638
3,22108222,T,G,19.70375,127,267,intergenic,heterozygous,1B_S1,msh6/msh6,SALK_089638
3,22402027,G,C,10.356875,13,267,genic,somatic,2F_S12,wt/wt,Col-0
3,22545171,T,A,13.383125,23,281,TE,somatic,2I_S13,wt/wt,Col-0
3,22716984,C,A,17.831875,31,258,genic,somatic,1D_S3,msh6/msh6,SALK_089638
3,23066591,T,G,19.15125,123,269,intergenic,heterozygous,1I_S8,msh6/msh6,SALK_089638
3,23223743,C,A,10.885,13,223,genic,somatic,1E_S4,msh6/msh6,SALK_089638
3,23390334,C,A,10.135,10,246,genic,somatic,1D_S3,msh6/msh6,SALK_089638
3,2404889,C,A,19.73,145,283,genic,heterozygous,1I_S8,msh6/msh6,SALK_089638
3,2528984,A,G,9.9375,14,309,intergenic,somatic,5B_S15,wt/wt,SALK_037557
3,2597312,C,A,19.70375,105,241,genic,heterozygous,1D_S3,msh6/msh6,SALK_089638
3,2681493,C,A,19.334375,146,288,genic,heterozygous,1B_S1,msh6/msh6,SALK_089638
3,2683014,T,G,10.004375,6,265,genic,somatic,1I_S8,msh6/msh6,SALK_089638
3,2734967,G,T,17.983125,32,267,genic,somatic,1I_S8,msh6/msh6,SALK_089638
3,3058105,G,T,19.98,119,252,genic,heterozygous,1I_S8,msh6/msh6,SALK_089638
3,323370,G,T,17.029375,28,272,intergenic,somatic,1F_S5,msh6/msh6,SALK_089638
3,3695811,C,A,19.73,252,252,genic,homozygous,1D_S3,msh6/msh6,SALK_089638
3,4124772,A,T,9.94,10,231,intergenic,somatic,5I_S16,msh6/msh6,SALK_037557
3,4223632,G,T,19.70375,123,257,genic,heterozygous,1I_S8,msh6/msh6,SALK_089638
3,4234222,A,C,9.675625,9,234,intergenic,somatic,5I_S16,msh6/msh6,SALK_037557
3,4301089,C,A,19.98,105,244,genic,heterozygous,1I_S8,msh6/msh6,SALK_089638
3,4332589,T,A,18.716875,105,220,genic,heterozygous,1F_S5,msh6/msh6,SALK_089638
3,4388063,C,T,19.56,113,266,genic,heterozygous,1C_S2,msh6/msh6,SALK_089638
3,4494247,C,T,10.34375,12,295,intergenic,somatic,2D_S10,wt/wt,Col-0
3,4721453,C,T,19.73,269,269,TE,homozygous,2L_S14,wt/msh6,SALK_037557
3,4750667,T,G,17.136875,29,252,intergenic,somatic,1F_S5,msh6/msh6,SALK_089638
3,4879735,C,A,15.381875,98,218,genic,heterozygous,1E_S4,msh6/msh6,SALK_089638
3,4927535,C,T,16.850625,20,210,TE,somatic,2E_S11,wt/wt,Col-0
3,5139409,C,T,15.178125,22,275,genic,somatic,5B_S15,wt/wt,SALK_037557
3,5165618,G,T,19.70375,118,239,intergenic,heterozygous,1F_S5,msh6/msh6,SALK_089638
3,5167366,A,T,9.819375,6,254,genic,somatic,1B_S1,msh6/msh6,SALK_089638
3,5175738,C,A,8.83,12,286,intergenic,somatic,1B_S1,msh6/msh6,SALK_089638
3,5245382,T,A,17.6675,114,258,TE,heterozygous,1C_S2,msh6/msh6,SALK_089638
3,5256671,C,A,19.481875,151,294,intergenic,heterozygous,1B_S1,msh6/msh6,SALK_089638
3,5307002,C,A,9.896875,9,206,genic,somatic,1I_S8,msh6/msh6,SALK_089638
3,5339683,G,T,18.93875,139,254,intergenic,heterozygous,1I_S8,msh6/msh6,SALK_089638
3,5345681,C,A,19.46625,134,254,genic,heterozygous,1I_S8,msh6/msh6,SALK_089638
3,5355197,A,T,19.598125,106,206,genic,heterozygous,1I_S8,msh6/msh6,SALK_089638
3,5363686,C,A,15.978125,18,212,genic,somatic,1E_S4,msh6/msh6,SALK_089638
3,5447293,C,A,19.98,137,280,intergenic,heterozygous,1B_S1,msh6/msh6,SALK_089638
3,5868511,G,A,9.1975,7,218,intergenic,somatic,1H_S7,msh6/msh6,SALK_089638
3,6134548,T,A,9.853125,10,259,genic,somatic,2F_S12,wt/wt,Col-0
3,6365996,C,A,17.71,43,254,TE,somatic,1I_S8,msh6/msh6,SALK_089638
3,638929,T,G,19.73,287,287,genic,homozygous,1B_S1,msh6/msh6,SALK_089638
3,6512031,G,T,19.35,135,271,genic,heterozygous,1B_S1,msh6/msh6,SALK_089638
3,6978094,C,T,19.75375,43,231,TE,somatic,1G_S6,wt/wt,Col-0
3,754826,A,T,19.598125,257,257,TE,homozygous,1F_S5,msh6/msh6,SALK_089638
3,7561335,C,A,19.565625,139,291,genic,heterozygous,1C_S2,msh6/msh6,SALK_089638
3,8002379,G,T,16.75125,25,261,intergenic,somatic,1E_S4,msh6/msh6,SALK_089638
3,8054995,G,A,19.46625,139,268,genic,heterozygous,1C_S2,msh6/msh6,SALK_089638
3,8167209,G,C,18.076875,39,286,TE,somatic,1B_S1,msh6/msh6,SALK_089638
3,817556,G,T,10.138125,8,260,genic,somatic,1F_S5,msh6/msh6,SALK_089638
3,8200417,C,A,18.173125,27,206,TE,somatic,5I_S16,msh6/msh6,SALK_037557
3,8566441,C,T,19.46625,138,261,genic,heterozygous,2D_S10,wt/wt,Col-0
3,878811,T,G,19.98,90,237,genic,somatic,1F_S5,msh6/msh6,SALK_089638
3,9384845,C,T,11.91625,41,290,TE,somatic,2C_S9,wt/wt,Col-0
3,9534396,C,T,15.80125,23,265,genic,somatic,1D_S3,msh6/msh6,SALK_089638
3,9763903,A,T,18.8225,259,260,genic,homozygous,2L_S14,wt/msh6,SALK_037557
3,985801,A,G,18.933125,127,250,TE,heterozygous,1E_S4,msh6/msh6,SALK_089638
3,9872136,A,G,10.07,12,262,intergenic,somatic,1D_S3,msh6/msh6,SALK_089638
3,9960219,A,T,9.2725,7,297,intergenic,somatic,1D_S3,msh6/msh6,SALK_089638
3,9975238,C,T,10.11875,14,312,genic,somatic,2I_S13,wt/wt,Col-0
4,10173316,C,T,9.665,14,235,TE,somatic,1B_S1,msh6/msh6,SALK_089638
4,10647467,C,T,19.334375,140,276,TE,heterozygous,1C_S2,msh6/msh6,SALK_089638
4,10693159,G,T,19.34875,48,284,genic,somatic,1C_S2,msh6/msh6,SALK_089638
4,11210067,G,A,11.390625,15,212,intergenic,somatic,2C_S9,wt/wt,Col-0
4,11422218,G,T,17.744375,112,244,intergenic,heterozygous,1H_S7,msh6/msh6,SALK_089638
4,1149079,G,T,19.735,36,219,genic,somatic,1H_S7,msh6/msh6,SALK_089638
4,11646732,G,C,10.2975,13,249,genic,somatic,1I_S8,msh6/msh6,SALK_089638
4,11655383,T,C,14.739375,29,255,TE,somatic,1B_S1,msh6/msh6,SALK_089638
4,11848593,A,T,18.783125,100,206,intergenic,heterozygous,1I_S8,msh6/msh6,SALK_089638
4,12036867,G,T,9.99125,13,295,genic,somatic,1B_S1,msh6/msh6,SALK_089638
4,12444675,C,A,13.46625,18,214,intergenic,somatic,5I_S16,msh6/msh6,SALK_037557
4,12829420,C,T,10.75625,10,187,intergenic,somatic,2E_S11,wt/wt,Col-0
4,1286321,T,G,8.98875,10,271,genic,somatic,1I_S8,msh6/msh6,SALK_089638
4,12962691,A,C,19.32875,241,242,genic,homozygous,2L_S14,wt/msh6,SALK_037557
4,13428063,G,T,9.829375,9,242,genic,somatic,1C_S2,msh6/msh6,SALK_089638
4,13830492,C,A,15.753125,19,224,genic,somatic,1E_S4,msh6/msh6,SALK_089638
4,14190658,T,A,17.753125,33,300,intergenic,somatic,2F_S12,wt/wt,Col-0
4,14571229,T,G,19.334375,233,234,genic,homozygous,1D_S3,msh6/msh6,SALK_089638
4,14615440,A,T,19.598125,139,281,genic,heterozygous,2C_S9,wt/wt,Col-0
4,14900401,G,T,19.73,250,250,genic,homozygous,1I_S8,msh6/msh6,SALK_089638
4,15148420,C,A,10.021875,10,188,genic,somatic,1E_S4,msh6/msh6,SALK_089638
4,15511452,C,T,16.439375,26,287,intergenic,somatic,2F_S12,wt/wt,Col-0
4,15534024,G,T,9.866875,10,213,genic,somatic,1E_S4,msh6/msh6,SALK_089638
4,15611622,G,C,19.2025,234,235,genic,homozygous,1I_S8,msh6/msh6,SALK_089638
4,15777424,G,T,9.94125,8,272,genic,somatic,1F_S5,msh6/msh6,SALK_089638
4,15778489,C,A,19.70375,97,247,genic,somatic,1D_S3,msh6/msh6,SALK_089638
4,15985703,C,A,19.598125,145,270,genic,heterozygous,1D_S3,msh6/msh6,SALK_089638
4,16157766,C,T,19.46625,244,244,genic,homozygous,1D_S3,msh6/msh6,SALK_089638
4,16377827,G,A,16.03125,34,203,TE,somatic,1G_S6,wt/wt,Col-0
4,16636867,C,A,9.016875,11,229,genic,somatic,2E_S11,wt/wt,Col-0
4,16716388,T,G,19.22875,146,265,intergenic,heterozygous,1C_S2,msh6/msh6,SALK_089638
4,1679167,C,A,11.219375,13,186,TE,somatic,1H_S7,msh6/msh6,SALK_089638
4,16955393,A,C,9.473125,6,284,intergenic,somatic,1B_S1,msh6/msh6,SALK_089638
4,17014913,A,C,9.515625,9,250,genic,somatic,1I_S8,msh6/msh6,SALK_089638
4,17305378,A,T,15.39375,122,245,intergenic,heterozygous,1F_S5,msh6/msh6,SALK_089638
4,17358545,G,T,9.788125,12,246,genic,somatic,1E_S4,msh6/msh6,SALK_089638
4,17404378,C,T,18.806875,233,234,genic,homozygous,5J_S17,wt/msh6,SALK_037557
4,1761978,G,T,19.70375,101,221,intergenic,heterozygous,1F_S5,msh6/msh6,SALK_089638
4,17843174,C,T,9.999375,11,236,TE,somatic,1G_S6,wt/wt,Col-0
4,17869620,C,G,9.769375,11,259,genic,somatic,1F_S5,msh6/msh6,SALK_089638
4,17945787,C,A,17.985,33,300,intergenic,somatic,1C_S2,msh6/msh6,SALK_089638
4,18051057,G,T,10.08875,10,311,intergenic,somatic,1B_S1,msh6/msh6,SALK_089638
4,1810837,G,T,8.98125,11,240,TE,somatic,1E_S4,msh6/msh6,SALK_089638
4,2047387,G,T,19.565625,63,219,TE,somatic,1D_S3,msh6/msh6,SALK_089638
4,2054010,G,A,13.11,15,238,TE,somatic,2E_S11,wt/wt,Col-0
4,2073233,C,A,10.385,15,280,TE,somatic,1I_S8,msh6/msh6,SALK_089638
4,2277918,G,T,9.726875,7,238,TE,somatic,1E_S4,msh6/msh6,SALK_089638
4,2363667,A,G,10.24,12,264,TE,somatic,1B_S1,msh6/msh6,SALK_089638
4,2570807,G,A,9.7675,14,284,TE,somatic,2F_S12,wt/wt,Col-0
4,2593144,C,T,9.794375,6,237,TE,somatic,1G_S6,wt/wt,Col-0
4,2695688,G,A,9.870625,9,263,intergenic,somatic,1E_S4,msh6/msh6,SALK_089638
4,2723293,A,T,17.73875,116,283,TE,heterozygous,1D_S3,msh6/msh6,SALK_089638
4,2723794,G,C,9.16125,8,291,TE,somatic,2E_S11,wt/wt,Col-0
4,2809633,C,A,19.070625,137,270,intergenic,heterozygous,1C_S2,msh6/msh6,SALK_089638
4,2833113,C,T,17.721875,28,213,TE,somatic,5J_S17,wt/msh6,SALK_037557
4,2984463,G,T,17.71,35,200,TE,somatic,1H_S7,msh6/msh6,SALK_089638
4,316678,T,A,9.680625,8,244,genic,somatic,1I_S8,msh6/msh6,SALK_089638
4,3265468,C,T,10.175625,14,271,TE,somatic,2C_S9,wt/wt,Col-0
4,3521377,G,T,19.565625,133,289,TE,heterozygous,1C_S2,msh6/msh6,SALK_089638
4,364172,G,T,19.98,124,259,genic,heterozygous,1D_S3,msh6/msh6,SALK_089638
4,3719358,G,A,9.57625,7,258,TE,somatic,1I_S8,msh6/msh6,SALK_089638
4,3847110,T,C,17.62,288,288,TE,homozygous,2L_S14,wt/msh6,SALK_037557
4,4011476,T,C,9.75625,126,249,intergenic,heterozygous,5B_S15,wt/wt,SALK_037557
4,403105,C,A,19.565625,105,213,intergenic,heterozygous,5I_S16,msh6/msh6,SALK_037557
4,4178802,G,T,8.82375,7,218,TE,somatic,1F_S5,msh6/msh6,SALK_089638
4,4292946,T,G,9.889375,12,243,TE,somatic,5I_S16,msh6/msh6,SALK_037557
4,4294966,C,A,17.62,132,244,TE,heterozygous,1E_S4,msh6/msh6,SALK_089638
4,4457323,C,T,13.11125,261,263,TE,homozygous,5B_S15,wt/wt,SALK_037557
4,4480442,C,T,15.684375,88,223,TE,heterozygous,1E_S4,msh6/msh6,SALK_089638
4,4491449,G,T,11.068125,15,262,TE,somatic,1F_S5,msh6/msh6,SALK_089638
4,4510642,C,T,14.45875,22,299,TE,somatic,1C_S2,msh6/msh6,SALK_089638
4,468992,G,A,10.815,17,336,TE,somatic,2D_S10,wt/wt,Col-0
4,47268,C,A,13.499375,20,231,TE,somatic,5I_S16,msh6/msh6,SALK_037557
4,4733697,G,A,19.598125,255,255,intergenic,homozygous,2L_S14,wt/msh6,SALK_037557
4,4990311,C,T,17.62,110,221,intergenic,heterozygous,1D_S3,msh6/msh6,SALK_089638
4,5020480,C,A,18.753125,90,214,TE,heterozygous,1F_S5,msh6/msh6,SALK_089638
4,5067381,G,A,17.804375,136,248,TE,heterozygous,1C_S2,msh6/msh6,SALK_089638
4,5258600,T,G,9.844375,8,263,TE,somatic,1F_S5,msh6/msh6,SALK_089638
4,5607986,C,A,9.89625,9,327,genic,somatic,2D_S10,wt/wt,Col-0
4,5621514,T,G,9.81,8,279,TE,somatic,1C_S2,msh6/msh6,SALK_089638
4,5630655,A,G,19.598125,137,265,TE,heterozygous,5B_S15,wt/wt,SALK_037557
4,5722340,G,A,17.73,129,271,TE,heterozygous,5B_S15,wt/wt,SALK_037557
4,5757590,A,T,9.751875,8,252,intergenic,somatic,2E_S11,wt/wt,Col-0
4,5763089,C,A,19.73,129,230,TE,heterozygous,1I_S8,msh6/msh6,SALK_089638
4,5765945,G,T,9.3,7,216,genic,somatic,1H_S7,msh6/msh6,SALK_089638
4,5880443,C,A,13.2125,82,185,TE,heterozygous,1H_S7,msh6/msh6,SALK_089638
4,5921596,A,C,13.176875,19,270,intergenic,somatic,5J_S17,wt/msh6,SALK_037557
4,5961228,G,T,18.1475,131,232,TE,heterozygous,1B_S1,msh6/msh6,SALK_089638
4,5981883,A,T,14.66625,21,266,intergenic,somatic,1E_S4,msh6/msh6,SALK_089638
4,5996229,C,T,15.780625,22,291,TE,somatic,1B_S1,msh6/msh6,SALK_089638
4,6321804,C,T,11.068125,16,274,intergenic,somatic,2D_S10,wt/wt,Col-0
4,6426315,T,A,19.87,57,303,intergenic,somatic,1B_S1,msh6/msh6,SALK_089638
4,6562049,T,A,10.186875,9,257,TE,somatic,1G_S6,wt/wt,Col-0
4,6746277,T,G,9.414375,14,297,genic,somatic,1B_S1,msh6/msh6,SALK_089638
4,6809386,G,A,19.334375,117,234,TE,heterozygous,1I_S8,msh6/msh6,SALK_089638
4,6958490,G,T,9.496875,7,267,genic,somatic,2C_S9,wt/wt,Col-0
4,7318690,C,T,17.496875,22,234,genic,somatic,2E_S11,wt/wt,Col-0
4,7591160,C,A,10.975625,16,288,intergenic,somatic,1I_S8,msh6/msh6,SALK_089638
4,7889650,G,A,11.8525,18,238,intergenic,somatic,1F_S5,msh6/msh6,SALK_089638
4,8313485,G,T,9.77875,10,228,intergenic,somatic,1I_S8,msh6/msh6,SALK_089638
4,842765,G,T,8.806875,6,238,genic,somatic,5I_S16,msh6/msh6,SALK_037557
4,8537415,G,A,9.8975,9,227,intergenic,somatic,2E_S11,wt/wt,Col-0
4,8563800,C,T,10.39875,13,247,TE,somatic,1E_S4,msh6/msh6,SALK_089638
4,8578163,G,T,9.6025,8,208,genic,somatic,5I_S16,msh6/msh6,SALK_037557
4,8798568,G,A,19.469375,31,219,intergenic,somatic,1G_S6,wt/wt,Col-0
4,9120401,A,T,9.923125,10,273,intergenic,somatic,2L_S14,wt/msh6,SALK_037557
4,9299980,T,G,19.73,280,281,intergenic,homozygous,1D_S3,msh6/msh6,SALK_089638
4,9618257,A,G,12.579375,14,241,genic,somatic,2C_S9,wt/wt,Col-0
4,9618446,A,T,11.89625,14,221,genic,somatic,1E_S4,msh6/msh6,SALK_089638
5,10043442,T,G,17.614375,258,258,TE,homozygous,1I_S8,msh6/msh6,SALK_089638
5,10060099,G,T,19.841875,120,244,TE,heterozygous,1F_S5,msh6/msh6,SALK_089638
5,10076506,T,A,17.2875,66,161,TE,heterozygous,2E_S11,wt/wt,Col-0
5,10098226,G,T,10.820625,11,189,intergenic,somatic,5I_S16,msh6/msh6,SALK_037557
5,10219214,G,A,9.96,6,187,TE,somatic,5I_S16,msh6/msh6,SALK_037557
5,10263348,A,C,17.77,123,251,intergenic,heterozygous,1D_S3,msh6/msh6,SALK_089638
5,10576637,A,C,17.528125,29,271,TE,somatic,1B_S1,msh6/msh6,SALK_089638
5,10582319,C,T,10.61125,14,251,TE,somatic,1B_S1,msh6/msh6,SALK_089638
5,10655741,C,T,10.655,14,252,intergenic,somatic,1E_S4,msh6/msh6,SALK_089638
5,10770599,C,A,17.89375,117,251,TE,heterozygous,1D_S3,msh6/msh6,SALK_089638
5,10876240,T,A,9.726875,9,295,intergenic,somatic,1C_S2,msh6/msh6,SALK_089638
5,11056399,C,A,19.598125,221,221,TE,homozygous,1I_S8,msh6/msh6,SALK_089638
5,11056468,G,A,10.470625,11,203,TE,somatic,2C_S9,wt/wt,Col-0
5,11097038,G,C,19.73,142,265,intergenic,heterozygous,2L_S14,wt/msh6,SALK_037557
5,1119279,T,G,12.875,18,279,intergenic,somatic,1D_S3,msh6/msh6,SALK_089638
5,11201902,C,T,14.81,23,231,TE,somatic,2F_S12,wt/wt,Col-0
5,11324954,T,G,10.22,72,287,TE,somatic,5J_S17,wt/msh6,SALK_037557
5,11387385,G,A,10.643125,12,225,TE,somatic,1G_S6,wt/wt,Col-0
5,11447382,C,T,9.98375,6,259,TE,somatic,1E_S4,msh6/msh6,SALK_089638
5,11485369,G,T,9.75375,7,287,intergenic,somatic,2L_S14,wt/msh6,SALK_037557
5,11548310,G,T,17.62,117,231,intergenic,heterozygous,1H_S7,msh6/msh6,SALK_089638
5,11605822,C,T,15.071875,19,241,TE,somatic,2C_S9,wt/wt,Col-0
5,11612549,C,T,10.164375,10,219,genic,somatic,1E_S4,msh6/msh6,SALK_089638
5,11700871,G,T,17.60875,117,236,TE,heterozygous,1C_S2,msh6/msh6,SALK_089638
5,11780782,C,T,8.734375,8,252,TE,somatic,2D_S10,wt/wt,Col-0
5,12076643,C,T,13.025,23,337,TE,somatic,2E_S11,wt/wt,Col-0
5,12250564,C,T,19.598125,99,171,TE,heterozygous,5I_S16,msh6/msh6,SALK_037557
5,12575165,G,A,19.735,38,208,TE,somatic,5I_S16,msh6/msh6,SALK_037557
5,12712541,C,A,8.97125,11,217,TE,somatic,1H_S7,msh6/msh6,SALK_089638
5,13015729,G,A,19.70375,137,294,TE,heterozygous,1C_S2,msh6/msh6,SALK_089638
5,13056070,C,T,9.970625,13,278,TE,somatic,1D_S3,msh6/msh6,SALK_089638
5,13082812,C,T,14.6,21,284,intergenic,somatic,2F_S12,wt/wt,Col-0
5,13181484,C,A,15.705,22,241,TE,somatic,1D_S3,msh6/msh6,SALK_089638
5,13208267,C,T,13.07,272,272,TE,homozygous,2L_S14,wt/msh6,SALK_037557
5,13330511,T,G,9.3375,13,237,TE,somatic,1H_S7,msh6/msh6,SALK_089638
5,13459851,A,G,8.734375,15,314,intergenic,somatic,5B_S15,wt/wt,SALK_037557
5,13549202,G,A,14.7375,27,302,TE,somatic,1G_S6,wt/wt,Col-0
5,13649278,C,T,19.841875,96,210,TE,heterozygous,1B_S1,msh6/msh6,SALK_089638
5,137291,C,A,19.841875,125,254,TE,heterozygous,1C_S2,msh6/msh6,SALK_089638
5,13784154,A,C,11.085625,11,205,TE,somatic,5I_S16,msh6/msh6,SALK_037557
5,13878899,G,T,19.4275,57,279,TE,somatic,1I_S8,msh6/msh6,SALK_089638
5,13940814,G,T,19.036875,278,285,genic,homozygous,1I_S8,msh6/msh6,SALK_089638
5,13986021,C,T,19.46625,312,312,TE,homozygous,1C_S2,msh6/msh6,SALK_089638
5,14143723,G,A,15.099375,287,288,TE,homozygous,1C_S2,msh6/msh6,SALK_089638
5,14213021,C,A,14.986875,15,192,genic,somatic,5I_S16,msh6/msh6,SALK_037557
5,14385607,C,A,12.295,19,258,TE,somatic,1E_S4,msh6/msh6,SALK_089638
5,14856499,T,A,12.566875,19,289,genic,somatic,2F_S12,wt/wt,Col-0
5,14994443,A,C,12.935625,16,235,TE,somatic,5I_S16,msh6/msh6,SALK_037557
5,15129591,C,T,17.614375,281,283,TE,homozygous,2L_S14,wt/msh6,SALK_037557
5,15308044,G,A,10.313125,11,277,intergenic,somatic,1C_S2,msh6/msh6,SALK_089638
5,15710335,A,C,17.62,148,278,intergenic,heterozygous,1D_S3,msh6/msh6,SALK_089638
5,15847588,A,C,8.115625,7,279,genic,somatic,1F_S5,msh6/msh6,SALK_089638
5,15879029,C,A,19.334375,238,238,genic,homozygous,1E_S4,msh6/msh6,SALK_089638
5,15930148,T,G,16.565,29,314,genic,somatic,1B_S1,msh6/msh6,SALK_089638
5,16046635,G,A,19.46625,245,245,genic,homozygous,1I_S8,msh6/msh6,SALK_089638
5,16192264,T,G,15.64,21,255,genic,somatic,1I_S8,msh6/msh6,SALK_089638
5,16303586,C,T,8.831875,6,308,genic,somatic,2I_S13,wt/wt,Col-0
5,16354672,C,A,8.82,9,215,genic,somatic,1H_S7,msh6/msh6,SALK_089638
5,16511643,T,A,9.675,8,310,TE,somatic,2I_S13,wt/wt,Col-0
5,1672158,T,G,8.9825,6,291,genic,somatic,1C_S2,msh6/msh6,SALK_089638
5,16990611,C,A,19.4275,95,287,genic,somatic,1D_S3,msh6/msh6,SALK_089638
5,17047519,G,A,9.778125,6,246,TE,somatic,5I_S16,msh6/msh6,SALK_037557
5,17124515,A,G,10.058125,8,268,intergenic,somatic,2F_S12,wt/wt,Col-0
5,17261145,C,T,19.841875,130,276,TE,heterozygous,2L_S14,wt/msh6,SALK_037557
5,1771336,G,T,12.33625,15,226,genic,somatic,1F_S5,msh6/msh6,SALK_089638
5,17853653,C,T,8.703125,7,271,genic,somatic,1I_S8,msh6/msh6,SALK_089638
5,17870874,G,A,19.73,220,220,TE,homozygous,1E_S4,msh6/msh6,SALK_089638
5,18051395,C,T,9.7275,7,253,genic,somatic,1I_S8,msh6/msh6,SALK_089638
5,18166797,G,T,9.44,7,238,genic,somatic,1E_S4,msh6/msh6,SALK_089638
5,18251400,T,G,19.334375,139,275,genic,heterozygous,1B_S1,msh6/msh6,SALK_089638
5,18653031,G,T,9.04625,9,213,genic,somatic,1E_S4,msh6/msh6,SALK_089638
5,18700962,A,G,17.863125,283,283,intergenic,homozygous,5J_S17,wt/msh6,SALK_037557
5,18970569,G,C,12.40875,20,307,genic,somatic,1B_S1,msh6/msh6,SALK_089638
5,19080605,G,A,8.930625,9,271,TE,somatic,2E_S11,wt/wt,Col-0
5,19166674,C,A,17.77,115,245,intergenic,heterozygous,1I_S8,msh6/msh6,SALK_089638
5,19225986,C,A,19.87,37,231,intergenic,somatic,1H_S7,msh6/msh6,SALK_089638
5,19542781,G,A,9.990625,33,267,intergenic,somatic,2C_S9,wt/wt,Col-0
5,19910467,A,C,14.15,18,248,intergenic,somatic,1E_S4,msh6/msh6,SALK_089638
5,19938112,C,A,19.841875,79,177,genic,heterozygous,1E_S4,msh6/msh6,SALK_089638
5,20017916,T,A,19.73,274,275,intergenic,homozygous,2L_S14,wt/msh6,SALK_037557
5,20701897,C,T,10.535625,16,235,intergenic,somatic,1D_S3,msh6/msh6,SALK_089638
5,20753739,A,G,17.62,279,279,genic,homozygous,5B_S15,wt/wt,SALK_037557
5,20855707,C,T,14.240625,18,248,TE,somatic,2E_S11,wt/wt,Col-0
5,20978275,C,A,19.334375,271,271,genic,homozygous,1D_S3,msh6/msh6,SALK_089638
5,2109905,T,G,17.62,267,267,genic,homozygous,1I_S8,msh6/msh6,SALK_089638
5,21644702,G,T,17.28875,26,252,genic,somatic,1H_S7,msh6/msh6,SALK_089638
5,21702973,G,T,19.46625,255,255,genic,homozygous,1I_S8,msh6/msh6,SALK_089638
5,22054893,C,A,9.728125,10,261,genic,somatic,1C_S2,msh6/msh6,SALK_089638
5,22079858,A,C,19.565625,118,247,genic,heterozygous,1I_S8,msh6/msh6,SALK_089638
5,22423372,G,A,19.70375,126,281,genic,heterozygous,1B_S1,msh6/msh6,SALK_089638
5,2250433,C,T,19.598125,247,247,TE,homozygous,1I_S8,msh6/msh6,SALK_089638
5,22540374,C,T,14.829375,18,246,genic,somatic,1E_S4,msh6/msh6,SALK_089638
5,2262073,A,C,9.61375,8,192,TE,somatic,5I_S16,msh6/msh6,SALK_037557
5,2262954,C,T,19.289375,112,240,TE,heterozygous,1C_S2,msh6/msh6,SALK_089638
5,22709067,T,G,9.61,6,270,genic,somatic,1C_S2,msh6/msh6,SALK_089638
5,22786844,C,A,19.73,243,245,genic,homozygous,1D_S3,msh6/msh6,SALK_089638
5,23246966,T,A,9.99625,10,256,genic,somatic,1F_S5,msh6/msh6,SALK_089638
5,23581945,G,T,19.841875,104,218,genic,heterozygous,1E_S4,msh6/msh6,SALK_089638
5,23797429,C,A,9.330625,7,253,intergenic,somatic,1C_S2,msh6/msh6,SALK_089638
5,23815139,A,G,12.654375,16,228,genic,somatic,1E_S4,msh6/msh6,SALK_089638
5,24034879,A,C,19.2025,104,209,genic,heterozygous,1D_S3,msh6/msh6,SALK_089638
5,2512588,C,T,19.598125,104,204,genic,heterozygous,1F_S5,msh6/msh6,SALK_089638
5,25127212,C,A,19.73,122,246,genic,heterozygous,1E_S4,msh6/msh6,SALK_089638
5,25679876,G,T,19.698125,115,243,genic,heterozygous,1D_S3,msh6/msh6,SALK_089638
5,25725351,G,T,17.994375,34,267,genic,somatic,1B_S1,msh6/msh6,SALK_089638
5,25865309,C,A,19.803125,113,247,genic,heterozygous,1I_S8,msh6/msh6,SALK_089638
5,2596166,C,A,19.72,60,197,genic,somatic,5I_S16,msh6/msh6,SALK_037557
5,25968039,G,T,16.3,23,234,genic,somatic,1B_S1,msh6/msh6,SALK_089638
5,25986035,T,G,9.171875,9,190,genic,somatic,1H_S7,msh6/msh6,SALK_089638
5,26117267,C,T,10.205625,9,203,TE,somatic,1H_S7,msh6/msh6,SALK_089638
5,26145485,C,A,19.841875,110,239,intergenic,heterozygous,1D_S3,msh6/msh6,SALK_089638
5,26153731,G,T,17.614375,231,232,genic,homozygous,1F_S5,msh6/msh6,SALK_089638
5,26422300,C,A,19.3725,38,254,genic,somatic,1B_S1,msh6/msh6,SALK_089638
5,26510192,A,C,19.2025,138,272,intergenic,heterozygous,1D_S3,msh6/msh6,SALK_089638
5,26607310,G,A,14.383125,22,284,TE,somatic,2E_S11,wt/wt,Col-0
5,26645130,G,T,19.841875,61,232,intergenic,somatic,1I_S8,msh6/msh6,SALK_089638
5,26939304,C,A,19.70375,156,317,genic,heterozygous,1B_S1,msh6/msh6,SALK_089638
5,2751783,A,C,9.68,12,304,intergenic,somatic,2I_S13,wt/wt,Col-0
5,28695,G,A,15.065,30,247,genic,somatic,2C_S9,wt/wt,Col-0
5,3402461,G,T,9.718125,8,207,intergenic,somatic,1D_S3,msh6/msh6,SALK_089638
5,363588,G,T,14.99,18,234,intergenic,somatic,1D_S3,msh6/msh6,SALK_089638
5,3637896,C,T,9.61,8,271,genic,somatic,1C_S2,msh6/msh6,SALK_089638
5,3652626,G,T,9.85875,7,265,intergenic,somatic,1B_S1,msh6/msh6,SALK_089638
5,3664577,G,T,17.411875,22,189,genic,somatic,5I_S16,msh6/msh6,SALK_037557
5,3691825,C,G,9.9725,8,267,intergenic,somatic,1C_S2,msh6/msh6,SALK_089638
5,3707833,G,T,19.289375,43,197,intergenic,somatic,1H_S7,msh6/msh6,SALK_089638
5,3773152,G,T,19.480625,30,183,genic,somatic,1H_S7,msh6/msh6,SALK_089638
5,3780646,G,T,18.0775,40,227,genic,somatic,5I_S16,msh6/msh6,SALK_037557
5,3929567,G,A,9.989375,16,341,genic,somatic,2I_S13,wt/wt,Col-0
5,4247408,C,A,15.6325,16,192,genic,somatic,5I_S16,msh6/msh6,SALK_037557
5,4287049,G,T,14.8275,22,273,genic,somatic,1B_S1,msh6/msh6,SALK_089638
5,5114666,A,T,9.2,12,226,TE,somatic,1I_S8,msh6/msh6,SALK_089638
5,5135044,A,T,19.46625,129,239,genic,heterozygous,1B_S1,msh6/msh6,SALK_089638
5,531715,C,A,19.598125,151,282,genic,heterozygous,1B_S1,msh6/msh6,SALK_089638
5,5570173,A,C,19.4925,220,220,genic,homozygous,1I_S8,msh6/msh6,SALK_089638
5,5581950,C,A,19.455,127,271,genic,heterozygous,1B_S1,msh6/msh6,SALK_089638
5,5610088,C,T,9.575625,7,250,TE,somatic,1H_S7,msh6/msh6,SALK_089638
5,5889957,C,G,19.46625,221,222,genic,homozygous,5B_S15,wt/wt,SALK_037557
5,6059579,G,T,9.225625,8,271,intergenic,somatic,1E_S4,msh6/msh6,SALK_089638
5,6205896,C,T,9.8575,14,234,TE,somatic,1E_S4,msh6/msh6,SALK_089638
5,6433763,C,T,8.78625,10,273,TE,somatic,2D_S10,wt/wt,Col-0
5,6720994,C,A,17.77,138,280,genic,heterozygous,1D_S3,msh6/msh6,SALK_089638
5,6872477,C,A,9.729375,9,226,genic,somatic,1F_S5,msh6/msh6,SALK_089638
5,6907103,C,T,10.1325,8,258,intergenic,somatic,1I_S8,msh6/msh6,SALK_089638
5,755884,C,A,10.70875,13,243,genic,somatic,1D_S3,msh6/msh6,SALK_089638
5,8214284,C,A,9.78,14,263,intergenic,somatic,1D_S3,msh6/msh6,SALK_089638
5,8614835,C,T,9.6475,9,294,intergenic,somatic,2E_S11,wt/wt,Col-0
5,862589,G,A,19.46625,102,204,genic,heterozygous,5I_S16,msh6/msh6,SALK_037557
5,8637059,C,A,17.6,211,211,genic,homozygous,1E_S4,msh6/msh6,SALK_089638
5,8856426,G,T,19.196875,109,209,genic,heterozygous,1H_S7,msh6/msh6,SALK_089638
5,9438639,C,A,10.05375,10,213,genic,somatic,1H_S7,msh6/msh6,SALK_089638
5,9467974,C,T,10.605625,11,224,genic,somatic,5I_S16,msh6/msh6,SALK_037557
5,9758195,C,T,15.875625,21,235,TE,somatic,1B_S1,msh6/msh6,SALK_089638
5,9821295,T,C,17.71,50,281,genic,somatic,1I_S8,msh6/msh6,SALK_089638
